https://api.scrapingdog.com/scrape?api_key=64ea0a7c389c1c508e3bb43b&url=https://www.zillow.com/al/?searchQueryState=%7B%22pagination%22%3A%7B%7D%2C%22usersSearchTerm%22%3A%22AL%22%2C%22filterState%22%3A%7B%22sqft%22%3A%7B%22max%22%3A500%7D%2C%22pmf%22%3A%7B%22value%22%3Atrue%7D%2C%22sort%22%3A%7B%22value%22%3A%22globalrelevanceex%22%7D%2C%22isAllHomes%22%3A%7B%22value%22%3Atrue%7D%2C%22nc%22%3A%7B%22value%22%3Afalse%7D%2C%22fsbo%22%3A%7B%22value%22%3Afalse%7D%2C%22cmsn%22%3A%7B%22value%22%3Afalse%7D%2C%22pf%22%3A%7B%22value%22%3Atrue%7D%2C%22fsba%22%3A%7B%22value%22%3Afalse%7D%7D%2C%22category%22%3A%22cat1%22%2C%22isListVisible%22%3Atrue%7D&dynamic=false,55
https://api.scrapingdog.com/scrape?api_key=64ea0a7c389c1c508e3bb43b&url=https://www.zillow.com/al/?searchQueryState=%7B%22pagination%22%3A%7B%7D%2C%22usersSearchTerm%22%3A%22AL%22%2C%22filterState%22%3A%7B%22sqft%22%3A%7B%22max%22%3A500%7D%2C%22pmf%22%3A%7B%22value%22%3Atrue%7D%2C%22sort%22%3A%7B%22value%22%3A%22globalrelevanceex%22%7D%2C%22isAllHomes%22%3A%7B%22value%22%3Atrue%7D%2C%22nc%22%3A%7B%22value%22%3Afalse%7D%2C%22fsbo%22%3A%7B%22value%22%3Afalse%7D%2C%22cmsn%22%3A%7B%22value%22%3Afalse%7D%2C%22pf%22%3A%7B%22value%22%3Atrue%7D%2C%22fsba%22%3A%7B%22value%22%3Afalse%7D%7D%2C%22category%22%3A%22cat2%22%2C%22isListVisible%22%3Atrue%7D&dynamic=false,33
https://api.scrapingdog.com/scrape?api_key=64ea0a7c389c1c508e3bb43b&url=https://www.zillow.com/al/?searchQueryState=%7B%22pagination%22%3A%7B%7D%2C%22usersSearchTerm%22%3A%22AL%22%2C%22filterState%22%3A%7B%22sqft%22%3A%7B%22min%22%3A501%2C%22max%22%3A750%7D%2C%22pmf%22%3A%7B%22value%22%3Atrue%7D%2C%22sort%22%3A%7B%22value%22%3A%22globalrelevanceex%22%7D%2C%22isAllHomes%22%3A%7B%22value%22%3Atrue%7D%2C%22nc%22%3A%7B%22value%22%3Afalse%7D%2C%22fsbo%22%3A%7B%22value%22%3Afalse%7D%2C%22cmsn%22%3A%7B%22value%22%3Afalse%7D%2C%22pf%22%3A%7B%22value%22%3Atrue%7D%2C%22fsba%22%3A%7B%22value%22%3Afalse%7D%7D%2C%22category%22%3A%22cat1%22%2C%22isListVisible%22%3Atrue%7D&dynamic=false,0
https://api.scrapingdog.com/scrape?api_key=64ea0a7c389c1c508e3bb43b&url=https://www.zillow.com/al/?searchQueryState=%7B%22pagination%22%3A%7B%7D%2C%22usersSearchTerm%22%3A%22AL%22%2C%22filterState%22%3A%7B%22sqft%22%3A%7B%22min%22%3A501%2C%22max%22%3A750%7D%2C%22pmf%22%3A%7B%22value%22%3Atrue%7D%2C%22sort%22%3A%7B%22value%22%3A%22globalrelevanceex%22%7D%2C%22isAllHomes%22%3A%7B%22value%22%3Atrue%7D%2C%22nc%22%3A%7B%22value%22%3Afalse%7D%2C%22fsbo%22%3A%7B%22value%22%3Afalse%7D%2C%22cmsn%22%3A%7B%22value%22%3Afalse%7D%2C%22pf%22%3A%7B%22value%22%3Atrue%7D%2C%22fsba%22%3A%7B%22value%22%3Afalse%7D%7D%2C%22category%22%3A%22cat2%22%2C%22isListVisible%22%3Atrue%7D&dynamic=false,7
https://api.scrapingdog.com/scrape?api_key=64ea0a7c389c1c508e3bb43b&url=https://www.zillow.com/al/?searchQueryState=%7B%22pagination%22%3A%7B%7D%2C%22usersSearchTerm%22%3A%22AL%22%2C%22filterState%22%3A%7B%22sqft%22%3A%7B%22min%22%3A751%2C%22max%22%3A1000%7D%2C%22pmf%22%3A%7B%22value%22%3Atrue%7D%2C%22sort%22%3A%7B%22value%22%3A%22globalrelevanceex%22%7D%2C%22isAllHomes%22%3A%7B%22value%22%3Atrue%7D%2C%22nc%22%3A%7B%22value%22%3Afalse%7D%2C%22fsbo%22%3A%7B%22value%22%3Afalse%7D%2C%22cmsn%22%3A%7B%22value%22%3Afalse%7D%2C%22pf%22%3A%7B%22value%22%3Atrue%7D%2C%22fsba%22%3A%7B%22value%22%3Afalse%7D%7D%2C%22category%22%3A%22cat1%22%2C%22isListVisible%22%3Atrue%7D&dynamic=false,18
https://api.scrapingdog.com/scrape?api_key=64ea0a7c389c1c508e3bb43b&url=https://www.zillow.com/al/?searchQueryState=%7B%22pagination%22%3A%7B%7D%2C%22usersSearchTerm%22%3A%22AL%22%2C%22filterState%22%3A%7B%22sqft%22%3A%7B%22min%22%3A751%2C%22max%22%3A1000%7D%2C%22pmf%22%3A%7B%22value%22%3Atrue%7D%2C%22sort%22%3A%7B%22value%22%3A%22globalrelevanceex%22%7D%2C%22isAllHomes%22%3A%7B%22value%22%3Atrue%7D%2C%22nc%22%3A%7B%22value%22%3Afalse%7D%2C%22fsbo%22%3A%7B%22value%22%3Afalse%7D%2C%22cmsn%22%3A%7B%22value%22%3Afalse%7D%2C%22pf%22%3A%7B%22value%22%3Atrue%7D%2C%22fsba%22%3A%7B%22value%22%3Afalse%7D%7D%2C%22category%22%3A%22cat2%22%2C%22isListVisible%22%3Atrue%7D&dynamic=false,64
https://api.scrapingdog.com/scrape?api_key=64ea0a7c389c1c508e3bb43b&url=https://www.zillow.com/al/?searchQueryState=%7B%22pagination%22%3A%7B%7D%2C%22usersSearchTerm%22%3A%22AL%22%2C%22filterState%22%3A%7B%22sqft%22%3A%7B%22min%22%3A1001%2C%22max%22%3A1250%7D%2C%22pmf%22%3A%7B%22value%22%3Atrue%7D%2C%22sort%22%3A%7B%22value%22%3A%22globalrelevanceex%22%7D%2C%22isAllHomes%22%3A%7B%22value%22%3Atrue%7D%2C%22nc%22%3A%7B%22value%22%3Afalse%7D%2C%22fsbo%22%3A%7B%22value%22%3Afalse%7D%2C%22cmsn%22%3A%7B%22value%22%3Afalse%7D%2C%22pf%22%3A%7B%22value%22%3Atrue%7D%2C%22fsba%22%3A%7B%22value%22%3Afalse%7D%7D%2C%22category%22%3A%22cat1%22%2C%22isListVisible%22%3Atrue%7D&dynamic=false,44
https://api.scrapingdog.com/scrape?api_key=64ea0a7c389c1c508e3bb43b&url=https://www.zillow.com/al/?searchQueryState=%7B%22pagination%22%3A%7B%7D%2C%22usersSearchTerm%22%3A%22AL%22%2C%22filterState%22%3A%7B%22sqft%22%3A%7B%22min%22%3A1001%2C%22max%22%3A1250%7D%2C%22pmf%22%3A%7B%22value%22%3Atrue%7D%2C%22sort%22%3A%7B%22value%22%3A%22globalrelevanceex%22%7D%2C%22isAllHomes%22%3A%7B%22value%22%3Atrue%7D%2C%22nc%22%3A%7B%22value%22%3Afalse%7D%2C%22fsbo%22%3A%7B%22value%22%3Afalse%7D%2C%22cmsn%22%3A%7B%22value%22%3Afalse%7D%2C%22pf%22%3A%7B%22value%22%3Atrue%7D%2C%22fsba%22%3A%7B%22value%22%3Afalse%7D%7D%2C%22category%22%3A%22cat2%22%2C%22isListVisible%22%3Atrue%7D&dynamic=false,209
https://api.scrapingdog.com/scrape?api_key=64ea0a7c389c1c508e3bb43b&url=https://www.zillow.com/al/?searchQueryState=%7B%22pagination%22%3A%7B%7D%2C%22usersSearchTerm%22%3A%22AL%22%2C%22filterState%22%3A%7B%22sqft%22%3A%7B%22min%22%3A1251%2C%22max%22%3A1500%7D%2C%22pmf%22%3A%7B%22value%22%3Atrue%7D%2C%22sort%22%3A%7B%22value%22%3A%22globalrelevanceex%22%7D%2C%22isAllHomes%22%3A%7B%22value%22%3Atrue%7D%2C%22nc%22%3A%7B%22value%22%3Afalse%7D%2C%22fsbo%22%3A%7B%22value%22%3Afalse%7D%2C%22cmsn%22%3A%7B%22value%22%3Afalse%7D%2C%22pf%22%3A%7B%22value%22%3Atrue%7D%2C%22fsba%22%3A%7B%22value%22%3Afalse%7D%7D%2C%22category%22%3A%22cat1%22%2C%22isListVisible%22%3Atrue%7D&dynamic=false,45
https://api.scrapingdog.com/scrape?api_key=64ea0a7c389c1c508e3bb43b&url=https://www.zillow.com/al/?searchQueryState=%7B%22pagination%22%3A%7B%7D%2C%22usersSearchTerm%22%3A%22AL%22%2C%22filterState%22%3A%7B%22sqft%22%3A%7B%22min%22%3A1251%2C%22max%22%3A1500%7D%2C%22pmf%22%3A%7B%22value%22%3Atrue%7D%2C%22sort%22%3A%7B%22value%22%3A%22globalrelevanceex%22%7D%2C%22isAllHomes%22%3A%7B%22value%22%3Atrue%7D%2C%22nc%22%3A%7B%22value%22%3Afalse%7D%2C%22fsbo%22%3A%7B%22value%22%3Afalse%7D%2C%22cmsn%22%3A%7B%22value%22%3Afalse%7D%2C%22pf%22%3A%7B%22value%22%3Atrue%7D%2C%22fsba%22%3A%7B%22value%22%3Afalse%7D%7D%2C%22category%22%3A%22cat2%22%2C%22isListVisible%22%3Atrue%7D&dynamic=false,255
https://api.scrapingdog.com/scrape?api_key=64ea0a7c389c1c508e3bb43b&url=https://www.zillow.com/al/?searchQueryState=%7B%22pagination%22%3A%7B%7D%2C%22usersSearchTerm%22%3A%22AL%22%2C%22filterState%22%3A%7B%22sqft%22%3A%7B%22min%22%3A1501%2C%22max%22%3A1750%7D%2C%22pmf%22%3A%7B%22value%22%3Atrue%7D%2C%22sort%22%3A%7B%22value%22%3A%22globalrelevanceex%22%7D%2C%22isAllHomes%22%3A%7B%22value%22%3Atrue%7D%2C%22nc%22%3A%7B%22value%22%3Afalse%7D%2C%22fsbo%22%3A%7B%22value%22%3Afalse%7D%2C%22cmsn%22%3A%7B%22value%22%3Afalse%7D%2C%22pf%22%3A%7B%22value%22%3Atrue%7D%2C%22fsba%22%3A%7B%22value%22%3Afalse%7D%7D%2C%22category%22%3A%22cat1%22%2C%22isListVisible%22%3Atrue%7D&dynamic=false,43
https://api.scrapingdog.com/scrape?api_key=64ea0a7c389c1c508e3bb43b&url=https://www.zillow.com/al/?searchQueryState=%7B%22pagination%22%3A%7B%7D%2C%22usersSearchTerm%22%3A%22AL%22%2C%22filterState%22%3A%7B%22sqft%22%3A%7B%22min%22%3A1501%2C%22max%22%3A1750%7D%2C%22pmf%22%3A%7B%22value%22%3Atrue%7D%2C%22sort%22%3A%7B%22value%22%3A%22globalrelevanceex%22%7D%2C%22isAllHomes%22%3A%7B%22value%22%3Atrue%7D%2C%22nc%22%3A%7B%22value%22%3Afalse%7D%2C%22fsbo%22%3A%7B%22value%22%3Afalse%7D%2C%22cmsn%22%3A%7B%22value%22%3Afalse%7D%2C%22pf%22%3A%7B%22value%22%3Atrue%7D%2C%22fsba%22%3A%7B%22value%22%3Afalse%7D%7D%2C%22category%22%3A%22cat2%22%2C%22isListVisible%22%3Atrue%7D&dynamic=false,206
https://api.scrapingdog.com/scrape?api_key=64ea0a7c389c1c508e3bb43b&url=https://www.zillow.com/al/?searchQueryState=%7B%22pagination%22%3A%7B%7D%2C%22usersSearchTerm%22%3A%22AL%22%2C%22filterState%22%3A%7B%22sqft%22%3A%7B%22min%22%3A1751%2C%22max%22%3A2000%7D%2C%22pmf%22%3A%7B%22value%22%3Atrue%7D%2C%22sort%22%3A%7B%22value%22%3A%22globalrelevanceex%22%7D%2C%22isAllHomes%22%3A%7B%22value%22%3Atrue%7D%2C%22nc%22%3A%7B%22value%22%3Afalse%7D%2C%22fsbo%22%3A%7B%22value%22%3Afalse%7D%2C%22cmsn%22%3A%7B%22value%22%3Afalse%7D%2C%22pf%22%3A%7B%22value%22%3Atrue%7D%2C%22fsba%22%3A%7B%22value%22%3Afalse%7D%7D%2C%22category%22%3A%22cat1%22%2C%22isListVisible%22%3Atrue%7D&dynamic=false,24
https://api.scrapingdog.com/scrape?api_key=64ea0a7c389c1c508e3bb43b&url=https://www.zillow.com/al/?searchQueryState=%7B%22pagination%22%3A%7B%7D%2C%22usersSearchTerm%22%3A%22AL%22%2C%22filterState%22%3A%7B%22sqft%22%3A%7B%22min%22%3A1751%2C%22max%22%3A2000%7D%2C%22pmf%22%3A%7B%22value%22%3Atrue%7D%2C%22sort%22%3A%7B%22value%22%3A%22globalrelevanceex%22%7D%2C%22isAllHomes%22%3A%7B%22value%22%3Atrue%7D%2C%22nc%22%3A%7B%22value%22%3Afalse%7D%2C%22fsbo%22%3A%7B%22value%22%3Afalse%7D%2C%22cmsn%22%3A%7B%22value%22%3Afalse%7D%2C%22pf%22%3A%7B%22value%22%3Atrue%7D%2C%22fsba%22%3A%7B%22value%22%3Afalse%7D%7D%2C%22category%22%3A%22cat2%22%2C%22isListVisible%22%3Atrue%7D&dynamic=false,156
https://api.scrapingdog.com/scrape?api_key=64ea0a7c389c1c508e3bb43b&url=https://www.zillow.com/al/?searchQueryState=%7B%22pagination%22%3A%7B%7D%2C%22usersSearchTerm%22%3A%22AL%22%2C%22filterState%22%3A%7B%22sqft%22%3A%7B%22min%22%3A2001%2C%22max%22%3A2250%7D%2C%22pmf%22%3A%7B%22value%22%3Atrue%7D%2C%22sort%22%3A%7B%22value%22%3A%22globalrelevanceex%22%7D%2C%22isAllHomes%22%3A%7B%22value%22%3Atrue%7D%2C%22nc%22%3A%7B%22value%22%3Afalse%7D%2C%22fsbo%22%3A%7B%22value%22%3Afalse%7D%2C%22cmsn%22%3A%7B%22value%22%3Afalse%7D%2C%22pf%22%3A%7B%22value%22%3Atrue%7D%2C%22fsba%22%3A%7B%22value%22%3Afalse%7D%7D%2C%22category%22%3A%22cat1%22%2C%22isListVisible%22%3Atrue%7D&dynamic=false,17
https://api.scrapingdog.com/scrape?api_key=64ea0a7c389c1c508e3bb43b&url=https://www.zillow.com/al/?searchQueryState=%7B%22pagination%22%3A%7B%7D%2C%22usersSearchTerm%22%3A%22AL%22%2C%22filterState%22%3A%7B%22sqft%22%3A%7B%22min%22%3A2001%2C%22max%22%3A2250%7D%2C%22pmf%22%3A%7B%22value%22%3Atrue%7D%2C%22sort%22%3A%7B%22value%22%3A%22globalrelevanceex%22%7D%2C%22isAllHomes%22%3A%7B%22value%22%3Atrue%7D%2C%22nc%22%3A%7B%22value%22%3Afalse%7D%2C%22fsbo%22%3A%7B%22value%22%3Afalse%7D%2C%22cmsn%22%3A%7B%22value%22%3Afalse%7D%2C%22pf%22%3A%7B%22value%22%3Atrue%7D%2C%22fsba%22%3A%7B%22value%22%3Afalse%7D%7D%2C%22category%22%3A%22cat2%22%2C%22isListVisible%22%3Atrue%7D&dynamic=false,100
https://api.scrapingdog.com/scrape?api_key=64ea0a7c389c1c508e3bb43b&url=https://www.zillow.com/al/?searchQueryState=%7B%22pagination%22%3A%7B%7D%2C%22usersSearchTerm%22%3A%22AL%22%2C%22filterState%22%3A%7B%22sqft%22%3A%7B%22min%22%3A2251%2C%22max%22%3A2500%7D%2C%22pmf%22%3A%7B%22value%22%3Atrue%7D%2C%22sort%22%3A%7B%22value%22%3A%22globalrelevanceex%22%7D%2C%22isAllHomes%22%3A%7B%22value%22%3Atrue%7D%2C%22nc%22%3A%7B%22value%22%3Afalse%7D%2C%22fsbo%22%3A%7B%22value%22%3Afalse%7D%2C%22cmsn%22%3A%7B%22value%22%3Afalse%7D%2C%22pf%22%3A%7B%22value%22%3Atrue%7D%2C%22fsba%22%3A%7B%22value%22%3Afalse%7D%7D%2C%22category%22%3A%22cat1%22%2C%22isListVisible%22%3Atrue%7D&dynamic=false,18
https://api.scrapingdog.com/scrape?api_key=64ea0a7c389c1c508e3bb43b&url=https://www.zillow.com/al/?searchQueryState=%7B%22pagination%22%3A%7B%7D%2C%22usersSearchTerm%22%3A%22AL%22%2C%22filterState%22%3A%7B%22sqft%22%3A%7B%22min%22%3A2251%2C%22max%22%3A2500%7D%2C%22pmf%22%3A%7B%22value%22%3Atrue%7D%2C%22sort%22%3A%7B%22value%22%3A%22globalrelevanceex%22%7D%2C%22isAllHomes%22%3A%7B%22value%22%3Atrue%7D%2C%22nc%22%3A%7B%22value%22%3Afalse%7D%2C%22fsbo%22%3A%7B%22value%22%3Afalse%7D%2C%22cmsn%22%3A%7B%22value%22%3Afalse%7D%2C%22pf%22%3A%7B%22value%22%3Atrue%7D%2C%22fsba%22%3A%7B%22value%22%3Afalse%7D%7D%2C%22category%22%3A%22cat2%22%2C%22isListVisible%22%3Atrue%7D&dynamic=false,74
https://api.scrapingdog.com/scrape?api_key=64ea0a7c389c1c508e3bb43b&url=https://www.zillow.com/al/?searchQueryState=%7B%22pagination%22%3A%7B%7D%2C%22usersSearchTerm%22%3A%22AL%22%2C%22filterState%22%3A%7B%22sqft%22%3A%7B%22min%22%3A2501%2C%22max%22%3A2750%7D%2C%22pmf%22%3A%7B%22value%22%3Atrue%7D%2C%22sort%22%3A%7B%22value%22%3A%22globalrelevanceex%22%7D%2C%22isAllHomes%22%3A%7B%22value%22%3Atrue%7D%2C%22nc%22%3A%7B%22value%22%3Afalse%7D%2C%22fsbo%22%3A%7B%22value%22%3Afalse%7D%2C%22cmsn%22%3A%7B%22value%22%3Afalse%7D%2C%22pf%22%3A%7B%22value%22%3Atrue%7D%2C%22fsba%22%3A%7B%22value%22%3Afalse%7D%7D%2C%22category%22%3A%22cat1%22%2C%22isListVisible%22%3Atrue%7D&dynamic=false,10
https://api.scrapingdog.com/scrape?api_key=64ea0a7c389c1c508e3bb43b&url=https://www.zillow.com/al/?searchQueryState=%7B%22pagination%22%3A%7B%7D%2C%22usersSearchTerm%22%3A%22AL%22%2C%22filterState%22%3A%7B%22sqft%22%3A%7B%22min%22%3A2501%2C%22max%22%3A2750%7D%2C%22pmf%22%3A%7B%22value%22%3Atrue%7D%2C%22sort%22%3A%7B%22value%22%3A%22globalrelevanceex%22%7D%2C%22isAllHomes%22%3A%7B%22value%22%3Atrue%7D%2C%22nc%22%3A%7B%22value%22%3Afalse%7D%2C%22fsbo%22%3A%7B%22value%22%3Afalse%7D%2C%22cmsn%22%3A%7B%22value%22%3Afalse%7D%2C%22pf%22%3A%7B%22value%22%3Atrue%7D%2C%22fsba%22%3A%7B%22value%22%3Afalse%7D%7D%2C%22category%22%3A%22cat2%22%2C%22isListVisible%22%3Atrue%7D&dynamic=false,45
https://api.scrapingdog.com/scrape?api_key=64ea0a7c389c1c508e3bb43b&url=https://www.zillow.com/al/?searchQueryState=%7B%22pagination%22%3A%7B%7D%2C%22usersSearchTerm%22%3A%22AL%22%2C%22filterState%22%3A%7B%22sqft%22%3A%7B%22min%22%3A2751%2C%22max%22%3A3000%7D%2C%22pmf%22%3A%7B%22value%22%3Atrue%7D%2C%22sort%22%3A%7B%22value%22%3A%22globalrelevanceex%22%7D%2C%22isAllHomes%22%3A%7B%22value%22%3Atrue%7D%2C%22nc%22%3A%7B%22value%22%3Afalse%7D%2C%22fsbo%22%3A%7B%22value%22%3Afalse%7D%2C%22cmsn%22%3A%7B%22value%22%3Afalse%7D%2C%22pf%22%3A%7B%22value%22%3Atrue%7D%2C%22fsba%22%3A%7B%22value%22%3Afalse%7D%7D%2C%22category%22%3A%22cat1%22%2C%22isListVisible%22%3Atrue%7D&dynamic=false,7
https://api.scrapingdog.com/scrape?api_key=64ea0a7c389c1c508e3bb43b&url=https://www.zillow.com/al/?searchQueryState=%7B%22pagination%22%3A%7B%7D%2C%22usersSearchTerm%22%3A%22AL%22%2C%22filterState%22%3A%7B%22sqft%22%3A%7B%22min%22%3A2751%2C%22max%22%3A3000%7D%2C%22pmf%22%3A%7B%22value%22%3Atrue%7D%2C%22sort%22%3A%7B%22value%22%3A%22globalrelevanceex%22%7D%2C%22isAllHomes%22%3A%7B%22value%22%3Atrue%7D%2C%22nc%22%3A%7B%22value%22%3Afalse%7D%2C%22fsbo%22%3A%7B%22value%22%3Afalse%7D%2C%22cmsn%22%3A%7B%22value%22%3Afalse%7D%2C%22pf%22%3A%7B%22value%22%3Atrue%7D%2C%22fsba%22%3A%7B%22value%22%3Afalse%7D%7D%2C%22category%22%3A%22cat2%22%2C%22isListVisible%22%3Atrue%7D&dynamic=false,41
https://api.scrapingdog.com/scrape?api_key=64ea0a7c389c1c508e3bb43b&url=https://www.zillow.com/al/?searchQueryState=%7B%22pagination%22%3A%7B%7D%2C%22usersSearchTerm%22%3A%22AL%22%2C%22filterState%22%3A%7B%22sqft%22%3A%7B%22min%22%3A3001%2C%22max%22%3A3500%7D%2C%22pmf%22%3A%7B%22value%22%3Atrue%7D%2C%22sort%22%3A%7B%22value%22%3A%22globalrelevanceex%22%7D%2C%22isAllHomes%22%3A%7B%22value%22%3Atrue%7D%2C%22nc%22%3A%7B%22value%22%3Afalse%7D%2C%22fsbo%22%3A%7B%22value%22%3Afalse%7D%2C%22cmsn%22%3A%7B%22value%22%3Afalse%7D%2C%22pf%22%3A%7B%22value%22%3Atrue%7D%2C%22fsba%22%3A%7B%22value%22%3Afalse%7D%7D%2C%22category%22%3A%22cat1%22%2C%22isListVisible%22%3Atrue%7D&dynamic=false,7
https://api.scrapingdog.com/scrape?api_key=64ea0a7c389c1c508e3bb43b&url=https://www.zillow.com/al/?searchQueryState=%7B%22pagination%22%3A%7B%7D%2C%22usersSearchTerm%22%3A%22AL%22%2C%22filterState%22%3A%7B%22sqft%22%3A%7B%22min%22%3A3001%2C%22max%22%3A3500%7D%2C%22pmf%22%3A%7B%22value%22%3Atrue%7D%2C%22sort%22%3A%7B%22value%22%3A%22globalrelevanceex%22%7D%2C%22isAllHomes%22%3A%7B%22value%22%3Atrue%7D%2C%22nc%22%3A%7B%22value%22%3Afalse%7D%2C%22fsbo%22%3A%7B%22value%22%3Afalse%7D%2C%22cmsn%22%3A%7B%22value%22%3Afalse%7D%2C%22pf%22%3A%7B%22value%22%3Atrue%7D%2C%22fsba%22%3A%7B%22value%22%3Afalse%7D%7D%2C%22category%22%3A%22cat2%22%2C%22isListVisible%22%3Atrue%7D&dynamic=false,36
https://api.scrapingdog.com/scrape?api_key=64ea0a7c389c1c508e3bb43b&url=https://www.zillow.com/al/?searchQueryState=%7B%22pagination%22%3A%7B%7D%2C%22usersSearchTerm%22%3A%22AL%22%2C%22filterState%22%3A%7B%22sqft%22%3A%7B%22min%22%3A3501%2C%22max%22%3A4000%7D%2C%22pmf%22%3A%7B%22value%22%3Atrue%7D%2C%22sort%22%3A%7B%22value%22%3A%22globalrelevanceex%22%7D%2C%22isAllHomes%22%3A%7B%22value%22%3Atrue%7D%2C%22nc%22%3A%7B%22value%22%3Afalse%7D%2C%22fsbo%22%3A%7B%22value%22%3Afalse%7D%2C%22cmsn%22%3A%7B%22value%22%3Afalse%7D%2C%22pf%22%3A%7B%22value%22%3Atrue%7D%2C%22fsba%22%3A%7B%22value%22%3Afalse%7D%7D%2C%22category%22%3A%22cat1%22%2C%22isListVisible%22%3Atrue%7D&dynamic=false,7
https://api.scrapingdog.com/scrape?api_key=64ea0a7c389c1c508e3bb43b&url=https://www.zillow.com/al/?searchQueryState=%7B%22pagination%22%3A%7B%7D%2C%22usersSearchTerm%22%3A%22AL%22%2C%22filterState%22%3A%7B%22sqft%22%3A%7B%22min%22%3A3501%2C%22max%22%3A4000%7D%2C%22pmf%22%3A%7B%22value%22%3Atrue%7D%2C%22sort%22%3A%7B%22value%22%3A%22globalrelevanceex%22%7D%2C%22isAllHomes%22%3A%7B%22value%22%3Atrue%7D%2C%22nc%22%3A%7B%22value%22%3Afalse%7D%2C%22fsbo%22%3A%7B%22value%22%3Afalse%7D%2C%22cmsn%22%3A%7B%22value%22%3Afalse%7D%2C%22pf%22%3A%7B%22value%22%3Atrue%7D%2C%22fsba%22%3A%7B%22value%22%3Afalse%7D%7D%2C%22category%22%3A%22cat2%22%2C%22isListVisible%22%3Atrue%7D&dynamic=false,16
https://api.scrapingdog.com/scrape?api_key=64ea0a7c389c1c508e3bb43b&url=https://www.zillow.com/al/?searchQueryState=%7B%22pagination%22%3A%7B%7D%2C%22usersSearchTerm%22%3A%22AL%22%2C%22filterState%22%3A%7B%22sqft%22%3A%7B%22min%22%3A4001%2C%22max%22%3A5000%7D%2C%22pmf%22%3A%7B%22value%22%3Atrue%7D%2C%22sort%22%3A%7B%22value%22%3A%22globalrelevanceex%22%7D%2C%22isAllHomes%22%3A%7B%22value%22%3Atrue%7D%2C%22nc%22%3A%7B%22value%22%3Afalse%7D%2C%22fsbo%22%3A%7B%22value%22%3Afalse%7D%2C%22cmsn%22%3A%7B%22value%22%3Afalse%7D%2C%22pf%22%3A%7B%22value%22%3Atrue%7D%2C%22fsba%22%3A%7B%22value%22%3Afalse%7D%7D%2C%22category%22%3A%22cat1%22%2C%22isListVisible%22%3Atrue%7D&dynamic=false,6
https://api.scrapingdog.com/scrape?api_key=64ea0a7c389c1c508e3bb43b&url=https://www.zillow.com/al/?searchQueryState=%7B%22pagination%22%3A%7B%7D%2C%22usersSearchTerm%22%3A%22AL%22%2C%22filterState%22%3A%7B%22sqft%22%3A%7B%22min%22%3A4001%2C%22max%22%3A5000%7D%2C%22pmf%22%3A%7B%22value%22%3Atrue%7D%2C%22sort%22%3A%7B%22value%22%3A%22globalrelevanceex%22%7D%2C%22isAllHomes%22%3A%7B%22value%22%3Atrue%7D%2C%22nc%22%3A%7B%22value%22%3Afalse%7D%2C%22fsbo%22%3A%7B%22value%22%3Afalse%7D%2C%22cmsn%22%3A%7B%22value%22%3Afalse%7D%2C%22pf%22%3A%7B%22value%22%3Atrue%7D%2C%22fsba%22%3A%7B%22value%22%3Afalse%7D%7D%2C%22category%22%3A%22cat2%22%2C%22isListVisible%22%3Atrue%7D&dynamic=false,12
https://api.scrapingdog.com/scrape?api_key=64ea0a7c389c1c508e3bb43b&url=https://www.zillow.com/al/?searchQueryState=%7B%22pagination%22%3A%7B%7D%2C%22usersSearchTerm%22%3A%22AL%22%2C%22filterState%22%3A%7B%22sqft%22%3A%7B%22min%22%3A5001%2C%22max%22%3A7500%7D%2C%22pmf%22%3A%7B%22value%22%3Atrue%7D%2C%22sort%22%3A%7B%22value%22%3A%22globalrelevanceex%22%7D%2C%22isAllHomes%22%3A%7B%22value%22%3Atrue%7D%2C%22nc%22%3A%7B%22value%22%3Afalse%7D%2C%22fsbo%22%3A%7B%22value%22%3Afalse%7D%2C%22cmsn%22%3A%7B%22value%22%3Afalse%7D%2C%22pf%22%3A%7B%22value%22%3Atrue%7D%2C%22fsba%22%3A%7B%22value%22%3Afalse%7D%7D%2C%22category%22%3A%22cat1%22%2C%22isListVisible%22%3Atrue%7D&dynamic=false,0
https://api.scrapingdog.com/scrape?api_key=64ea0a7c389c1c508e3bb43b&url=https://www.zillow.com/al/?searchQueryState=%7B%22pagination%22%3A%7B%7D%2C%22usersSearchTerm%22%3A%22AL%22%2C%22filterState%22%3A%7B%22sqft%22%3A%7B%22min%22%3A5001%2C%22max%22%3A7500%7D%2C%22pmf%22%3A%7B%22value%22%3Atrue%7D%2C%22sort%22%3A%7B%22value%22%3A%22globalrelevanceex%22%7D%2C%22isAllHomes%22%3A%7B%22value%22%3Atrue%7D%2C%22nc%22%3A%7B%22value%22%3Afalse%7D%2C%22fsbo%22%3A%7B%22value%22%3Afalse%7D%2C%22cmsn%22%3A%7B%22value%22%3Afalse%7D%2C%22pf%22%3A%7B%22value%22%3Atrue%7D%2C%22fsba%22%3A%7B%22value%22%3Afalse%7D%7D%2C%22category%22%3A%22cat2%22%2C%22isListVisible%22%3Atrue%7D&dynamic=false,8
https://api.scrapingdog.com/scrape?api_key=64ea0a7c389c1c508e3bb43b&url=https://www.zillow.com/al/?searchQueryState=%7B%22pagination%22%3A%7B%7D%2C%22usersSearchTerm%22%3A%22AL%22%2C%22filterState%22%3A%7B%22sqft%22%3A%7B%22min%22%3A7501%7D%2C%22pmf%22%3A%7B%22value%22%3Atrue%7D%2C%22sort%22%3A%7B%22value%22%3A%22globalrelevanceex%22%7D%2C%22isAllHomes%22%3A%7B%22value%22%3Atrue%7D%2C%22nc%22%3A%7B%22value%22%3Afalse%7D%2C%22fsbo%22%3A%7B%22value%22%3Afalse%7D%2C%22cmsn%22%3A%7B%22value%22%3Afalse%7D%2C%22pf%22%3A%7B%22value%22%3Atrue%7D%2C%22fsba%22%3A%7B%22value%22%3Afalse%7D%7D%2C%22category%22%3A%22cat1%22%2C%22isListVisible%22%3Atrue%7D&dynamic=false,0
https://api.scrapingdog.com/scrape?api_key=64ea0a7c389c1c508e3bb43b&url=https://www.zillow.com/al/?searchQueryState=%7B%22pagination%22%3A%7B%7D%2C%22usersSearchTerm%22%3A%22AL%22%2C%22filterState%22%3A%7B%22sqft%22%3A%7B%22min%22%3A7501%7D%2C%22pmf%22%3A%7B%22value%22%3Atrue%7D%2C%22sort%22%3A%7B%22value%22%3A%22globalrelevanceex%22%7D%2C%22isAllHomes%22%3A%7B%22value%22%3Atrue%7D%2C%22nc%22%3A%7B%22value%22%3Afalse%7D%2C%22fsbo%22%3A%7B%22value%22%3Afalse%7D%2C%22cmsn%22%3A%7B%22value%22%3Afalse%7D%2C%22pf%22%3A%7B%22value%22%3Atrue%7D%2C%22fsba%22%3A%7B%22value%22%3Afalse%7D%7D%2C%22category%22%3A%22cat2%22%2C%22isListVisible%22%3Atrue%7D&dynamic=false,1
